Product_Name,Supplier,Price,MOQ,Product_URL,Category,Page
High-Performance 450V 5-40UF Aluminum Shell Low-Voltage Capacitor for PowerElectronics,N/A,N/A,N/A,,Electronics,1
Custom Multilayer High Frequency PCB Board PCBAElectronicsPrinted Circuit Board SMT,N/A,N/A,N/A,,Electronics,1
Uli Customized Li-Polymer 3.7V High Rate Battery Cell Rechargeable 852530 702025 854048 803040 for Various ConsumerElectronics,N/A,N/A,N/A,,Electronics,1
Fast PCB Prototype ServiceElectronicsManufacturing Assembly Custom Printed Circuit Board Quick Turn PCBA,N/A,N/A,N/A,,Electronics,1
Rigid Flexible Automotive PCBAElectronicsSupplier SMT Circuit Board Manufacturer,N/A,N/A,N/A,,Electronics,1
Custom Printed Circuit Board Single Sided Copper Clad BoardElectronicsManufacturing PCBA Manufacturers,N/A,N/A,N/A,,Electronics,1
PCBA Factory Supply Customized Industrial Control Computer PCBA SMTElectronicsManufacturing,N/A,N/A,N/A,,Electronics,1
Pcbasic Wholesale-ElectronicsPrice Custom Smart Watch Motherboard PCBA Assembly OEM,N/A,N/A,N/A,,Electronics,1
"Cbb65 AC Motor Capacitor 14+5UF for AC Running Motors in Air Conditioners & Refrigerator & Washing Machines,Electronics-for-Sale",N/A,N/A,N/A,,Electronics,1
"Chinese Inductor Manufacturer IkpElectronicsCustomizes DMC Coil, UL/Ce/RoHS Certified",N/A,N/A,N/A,,Electronics,1
High-Performance 450V 5-40UF Aluminum Shell Low-Voltage Capacitor for PowerElectronics,N/A,N/A,N/A,,Electronics,2
Custom Multilayer High Frequency PCB Board PCBAElectronicsPrinted Circuit Board SMT,N/A,N/A,N/A,,Electronics,2
Uli Customized Li-Polymer 3.7V High Rate Battery Cell Rechargeable 852530 702025 854048 803040 for Various ConsumerElectronics,N/A,N/A,N/A,,Electronics,2
Fast PCB Prototype ServiceElectronicsManufacturing Assembly Custom Printed Circuit Board Quick Turn PCBA,N/A,N/A,N/A,,Electronics,2
Rigid Flexible Automotive PCBAElectronicsSupplier SMT Circuit Board Manufacturer,N/A,N/A,N/A,,Electronics,2
Custom Printed Circuit Board Single Sided Copper Clad BoardElectronicsManufacturing PCBA Manufacturers,N/A,N/A,N/A,,Electronics,2
PCBA Factory Supply Customized Industrial Control Computer PCBA SMTElectronicsManufacturing,N/A,N/A,N/A,,Electronics,2
Pcbasic Wholesale-ElectronicsPrice Custom Smart Watch Motherboard PCBA Assembly OEM,N/A,N/A,N/A,,Electronics,2
"Cbb65 AC Motor Capacitor 14+5UF for AC Running Motors in Air Conditioners & Refrigerator & Washing Machines,Electronics-for-Sale",N/A,N/A,N/A,,Electronics,2
"Chinese Inductor Manufacturer IkpElectronicsCustomizes DMC Coil, UL/Ce/RoHS Certified",N/A,N/A,N/A,,Electronics,2
High-Performance 450V 5-40UF Aluminum Shell Low-Voltage Capacitor for PowerElectronics,N/A,N/A,N/A,,Electronics,3
Custom Multilayer High Frequency PCB Board PCBAElectronicsPrinted Circuit Board SMT,N/A,N/A,N/A,,Electronics,3
Uli Customized Li-Polymer 3.7V High Rate Battery Cell Rechargeable 852530 702025 854048 803040 for Various ConsumerElectronics,N/A,N/A,N/A,,Electronics,3
Fast PCB Prototype ServiceElectronicsManufacturing Assembly Custom Printed Circuit Board Quick Turn PCBA,N/A,N/A,N/A,,Electronics,3
Rigid Flexible Automotive PCBAElectronicsSupplier SMT Circuit Board Manufacturer,N/A,N/A,N/A,,Electronics,3
Custom Printed Circuit Board Single Sided Copper Clad BoardElectronicsManufacturing PCBA Manufacturers,N/A,N/A,N/A,,Electronics,3
PCBA Factory Supply Customized Industrial Control Computer PCBA SMTElectronicsManufacturing,N/A,N/A,N/A,,Electronics,3
Pcbasic Wholesale-ElectronicsPrice Custom Smart Watch Motherboard PCBA Assembly OEM,N/A,N/A,N/A,,Electronics,3
"Cbb65 AC Motor Capacitor 14+5UF for AC Running Motors in Air Conditioners & Refrigerator & Washing Machines,Electronics-for-Sale",N/A,N/A,N/A,,Electronics,3
"Chinese Inductor Manufacturer IkpElectronicsCustomizes DMC Coil, UL/Ce/RoHS Certified",N/A,N/A,N/A,,Electronics,3
