Product_Name,Category,Page
Custom Printed Circuit Board Single Sided Copper Clad BoardElectronicsManufacturing PCBA Manufacturers,Electronics,1
Custom Multilayer High Frequency PCB Board PCBAElectronicsPrinted Circuit Board SMT,Electronics,1
Factory OEM Electric Printed Circuit Carbon Oil PCB BoardElectronicsBoard Fr4 22f 94V0 Manufacturer,Electronics,1
PcbasicElectronicsManufacturing Factories 10 Watt Mobile Phone Pd Type C Fast Charger PCBA Modules,Electronics,1
Rigid Flexible Automotive PCBAElectronicsSupplier SMT Circuit Board Manufacturer,Electronics,1
Reliable 3 Volt Lithium Manganese Dioxide Cell for SmallElectronics,Electronics,1
Uli Customized Li-Polymer 3.7V High Rate Battery Cell Rechargeable 852530 702025 854048 803040 for Various ConsumerElectronics,Electronics,1
Fast PCB Prototype ServiceElectronicsManufacturing Assembly Custom Printed Circuit Board Quick Turn PCBA,Electronics,1
Pcbasic Wholesale-ElectronicsPrice Custom Smart Watch Motherboard PCBA Assembly OEM,Electronics,1
OEM Available: Hot Selling 450V 30UF Aluminum Shell Self-Healing Low-Voltage Power Three-Phase Capacitor-for PowerElectronicsUse with CE and RoHS Certified,Electronics,1
Pcbasic ChinaElectronicsFactory High Quality Air Source PCBA Heatpump Controller Board,Electronics,1
"Chinese Inductor Manufacturer IkpElectronicsCustomizes DMC Coil, UL/Ce/RoHS Certified",Electronics,1
High-Performance 450V 5-40UF Aluminum Shell Low-Voltage Capacitor for PowerElectronics,Electronics,1
CustomElectronicsManufacturer Advanced Technology Wholesale Price for Fan,Electronics,1
"Cbb65 AC Motor Capacitor 14+5UF for AC Running Motors in Air Conditioners & Refrigerator & Washing Machines,Electronics-for-Sale",Electronics,1
Custom Printed Circuit Board Single Sided Copper Clad BoardElectronicsManufacturing PCBA Manufacturers,Electronics,2
Custom Multilayer High Frequency PCB Board PCBAElectronicsPrinted Circuit Board SMT,Electronics,2
Factory OEM Electric Printed Circuit Carbon Oil PCB BoardElectronicsBoard Fr4 22f 94V0 Manufacturer,Electronics,2
PcbasicElectronicsManufacturing Factories 10 Watt Mobile Phone Pd Type C Fast Charger PCBA Modules,Electronics,2
Rigid Flexible Automotive PCBAElectronicsSupplier SMT Circuit Board Manufacturer,Electronics,2
Reliable 3 Volt Lithium Manganese Dioxide Cell for SmallElectronics,Electronics,2
Uli Customized Li-Polymer 3.7V High Rate Battery Cell Rechargeable 852530 702025 854048 803040 for Various ConsumerElectronics,Electronics,2
Fast PCB Prototype ServiceElectronicsManufacturing Assembly Custom Printed Circuit Board Quick Turn PCBA,Electronics,2
Pcbasic Wholesale-ElectronicsPrice Custom Smart Watch Motherboard PCBA Assembly OEM,Electronics,2
OEM Available: Hot Selling 450V 30UF Aluminum Shell Self-Healing Low-Voltage Power Three-Phase Capacitor-for PowerElectronicsUse with CE and RoHS Certified,Electronics,2
Pcbasic ChinaElectronicsFactory High Quality Air Source PCBA Heatpump Controller Board,Electronics,2
"Chinese Inductor Manufacturer IkpElectronicsCustomizes DMC Coil, UL/Ce/RoHS Certified",Electronics,2
High-Performance 450V 5-40UF Aluminum Shell Low-Voltage Capacitor for PowerElectronics,Electronics,2
CustomElectronicsManufacturer Advanced Technology Wholesale Price for Fan,Electronics,2
"Cbb65 AC Motor Capacitor 14+5UF for AC Running Motors in Air Conditioners & Refrigerator & Washing Machines,Electronics-for-Sale",Electronics,2
Custom Printed Circuit Board Single Sided Copper Clad BoardElectronicsManufacturing PCBA Manufacturers,Electronics,3
Custom Multilayer High Frequency PCB Board PCBAElectronicsPrinted Circuit Board SMT,Electronics,3
Factory OEM Electric Printed Circuit Carbon Oil PCB BoardElectronicsBoard Fr4 22f 94V0 Manufacturer,Electronics,3
PcbasicElectronicsManufacturing Factories 10 Watt Mobile Phone Pd Type C Fast Charger PCBA Modules,Electronics,3
Rigid Flexible Automotive PCBAElectronicsSupplier SMT Circuit Board Manufacturer,Electronics,3
Reliable 3 Volt Lithium Manganese Dioxide Cell for SmallElectronics,Electronics,3
Uli Customized Li-Polymer 3.7V High Rate Battery Cell Rechargeable 852530 702025 854048 803040 for Various ConsumerElectronics,Electronics,3
Fast PCB Prototype ServiceElectronicsManufacturing Assembly Custom Printed Circuit Board Quick Turn PCBA,Electronics,3
Pcbasic Wholesale-ElectronicsPrice Custom Smart Watch Motherboard PCBA Assembly OEM,Electronics,3
OEM Available: Hot Selling 450V 30UF Aluminum Shell Self-Healing Low-Voltage Power Three-Phase Capacitor-for PowerElectronicsUse with CE and RoHS Certified,Electronics,3
Pcbasic ChinaElectronicsFactory High Quality Air Source PCBA Heatpump Controller Board,Electronics,3
"Chinese Inductor Manufacturer IkpElectronicsCustomizes DMC Coil, UL/Ce/RoHS Certified",Electronics,3
High-Performance 450V 5-40UF Aluminum Shell Low-Voltage Capacitor for PowerElectronics,Electronics,3
CustomElectronicsManufacturer Advanced Technology Wholesale Price for Fan,Electronics,3
"Cbb65 AC Motor Capacitor 14+5UF for AC Running Motors in Air Conditioners & Refrigerator & Washing Machines,Electronics-for-Sale",Electronics,3
